{ "walls" : [
		{ 
			"x": 410, 
			"y": 94, 
			"width": 175, 
			"height": 130, 
			"angle": 0, 
			"physics": [
				{
					"shape": [410,94,585,94,585,224,410,224]
				}
			] 
		}, 
		{ 
			"x": 709, 
			"y": 317, 
			"width": 105, 
			"height": 72, 
			"angle": -12.47910415176122, 
			"physics": [
				{
					"shape": [709,317,811.5193621911366,294.3112279767598,827.077377292787,364.61021919353914,724.5580151016504,387.2989912167793]
				}
			] 
		}, 
		{ 
			"x": 116, 
			"y": 356, 
			"width": 150, 
			"height": 95, 
			"angle": 17.62782544514522, 
			"physics": [
				{
					"shape": [116,356,258.95655661635953,401.4249151941265,230.1874436600794,491.9640677178209,87.23088704371987,446.5391525236944]
				}
			] 
		}
	]
}